Countries,Distance from Ukraine in km
Austria,"1,239"
Belgium,"1,934"
Bulgaria,767
Cyprus,"1,485"
Czechia,"1,151"
Germany,"1,514"
Denmark,"1,703"
Estonia,"1,205"
Spain,"2,880"
Finland,"1,544"
France,"2,183"
Greece,"1,276"
Croatia,"1,267"
Hungary,881
Ireland,"2,783"
Italy,"1,623"
Liechtenstein,"1,615"
Lithuania,905
Latvia,"1,043"
Malta,"1,949"
Netherlands,"1,875"
Poland,941
Portugal,"3,270"
Romania,541
Sweden,"1,533"
Slovenia,"1,243"
Slovakia,844
Luxembourg,"1,821"
